{
  "id": "",
  "name": "",
  "font_family": "iconfont",
  "css_prefix_text": "icon-",
  "description": "",
  "glyphs": [
    {
      "icon_id": "11474220",
      "name": "bussiness-man",
      "font_class": "bussiness-man",
      "unicode": "e6ef",
      "unicode_decimal": 59119
    },
    {
      "icon_id": "11488138",
      "name": "suggest",
      "font_class": "suggest",
      "unicode": "e767",
      "unicode_decimal": 59239
    },
    {
      "icon_id": "12011697",
      "name": "search",
      "font_class": "search",
      "unicode": "e7b3",
      "unicode_decimal": 59315
    }
  ]
}
